component 0,component 1,class
1.8107422772448485,3.1988656787733523,0.0
1.9424896512383554,3.0059134607268634,0.0
2.0292090932475,2.802172203776922,0.0
2.4133302966061914,2.505757644924948,0.0
2.14024229743774,2.0053294913207145,0.0
1.9392919167828002,1.4376648890520516,0.0
2.513922018811107,1.3673490548063896,0.0
2.5164550917995414,0.8906113005733055,0.0
2.7454279013499763,0.6187671861153135,0.0
2.605865749784461,0.03849559447207818,0.0
2.748254417188523,-0.5949023493192224,0.0
3.132764428873771,-0.9972376471405344,0.0
3.434722689586609,-1.325594072034486,0.0
3.4982101911145005,-1.4846455999390438,0.0
3.385058556865702,-1.5934335836222577,0.0
3.265612536162251,-1.6511765678186812,0.0
3.2431927930294817,-1.7218071674797506,0.0
1.2458139482079116,3.546394142065376,0.0
1.1139082362369244,3.38310228109797,0.0
1.259871591380789,3.1785051956548194,0.0
1.0619924236752907,2.79556365488741,0.0
1.3444793131409267,2.1144996496637405,0.0
1.415511607225459,1.854415801513039,0.0
1.5190771386968107,1.7986891101872786,0.0
1.598020996042291,1.295397421862966,0.0
1.344102018305835,1.1230024124959226,0.0
1.2574107621427777,0.49222441318467486,0.0
1.4725497071507763,0.5145926628094809,0.0
2.095397602432432,-0.288929563921,0.0
2.0243269579572165,-1.0557568612847454,0.0
2.2562470176529112,-0.888626189180446,0.0
2.075479966942835,-1.125442369188786,0.0
2.4025139419229267,-1.5567965865823785,0.0
2.8197936778656443,3.0715745189982253,0.0
2.634820253058726,2.7367594389662604,0.0
2.0137846687897665,2.449656298704626,0.0
2.315735489274253,2.9723707331032534,0.0
2.4847535166072143,2.8475530720334437,0.0
2.3736335519436933,2.3238346486585484,0.0
2.0480943308952466,1.6854528475538164,0.0
1.913146652093849,1.5349870225843159,0.0
1.9800101242902828,1.185979238100891,0.0
2.2438767721581536,0.7749475853873108,0.0
1.9598086357503937,0.2781374674004328,0.0
2.360809872162528,-0.2801462934679236,0.0
2.332682822532423,-1.1540394431424388,0.0
2.808807818212012,-0.9324133050306939,0.0
2.9676573098568624,-1.141132391793404,0.0
3.0815580930346527,-1.449262290388662,0.0
1.5581526916870265,2.911213694065515,0.0
0.9342775838130739,2.6307585990952496,0.0
0.5768319422051426,2.774129274284396,0.0
0.9749776006927764,3.034769219937821,0.0
1.411707480132163,2.7851493132431533,0.0
1.6930017354682019,2.565645488191302,0.0
2.0379288123706254,1.5454070676646763,0.0
1.720460498122416,1.1905278683806686,0.0
1.6732125425631559,1.431956293345008,0.0
1.4150994178561689,1.0236044525719188,0.0
1.153667567926767,0.7072434822779368,0.0
1.1733974283921724,0.4308834160256575,0.0
1.802450694354697,0.24818560664837644,0.0
2.5657720114418883,-0.2193828042088815,0.0
2.748799546603476,-1.2538781768004152,0.0
3.173112282187199,-0.985299041489863,0.0
3.060212132342675,-1.4228031055637917,0.0
3.0126067407319126,-1.830127316600731,0.0
2.994453992237998,-1.9586101303179246,0.0
2.932165311404138,-1.984796121491013,0.0
2.8902406296625,-2.0864533948223887,0.0
1.6723667135362215,2.9424694280282853,0.0
2.042621088616886,2.354768005546967,0.0
1.8801103009678513,2.3573579035198673,0.0
1.6175236193009588,1.9459535496287668,0.0
1.6865250692607328,1.2921115418200724,0.0
2.0883267185006638,0.7154058236971741,0.0
2.331398789773481,0.2786360528809212,0.0
1.8900346457106334,-0.18649796089344844,0.0
2.1297952808451446,-0.6498567010723769,0.0
2.052491879727659,-0.7900273323480452,0.0
2.4061202416293046,-0.6051505703587783,0.0
2.5365791619438296,-1.0666371500132497,0.0
2.919761828330902,-0.9453165959540242,0.0
2.700578394271536,-1.3685737443239523,0.0
2.3024990943100896,-1.4819680282626864,0.0
2.559713066257314,-1.3357178360092223,0.0
2.4634663432122785,-1.4301716414316408,0.0
2.5309799424738055,-1.5406510729027316,0.0
0.09494523663045684,2.296093118298457,0.0
1.0194106403353562,2.1336550598738233,0.0
0.5024653580470472,1.8405515961206145,0.0
0.3828645462466494,1.6578753393263914,0.0
1.2485020789492578,1.370257365468238,0.0
2.0100699602264966,0.6122662715700077,0.0
2.555683320236378,0.1395219419096822,0.0
2.731894183197749,0.2445467886143545,0.0
2.248910249994882,-0.4849427123708676,0.0
2.0839340378150157,-0.3667244762407322,0.0
2.4914773920682696,-0.5771670901481813,0.0
2.970728082295871,-0.7864579095011915,0.0
3.0093996062010775,-1.1555852645377265,0.0
0.8638359384978896,2.7762410279199563,0.0
1.2912357637632312,2.8785104882027936,0.0
1.4910230048613275,2.5473861811839864,0.0
1.5603243663225599,2.2613159493896196,0.0
1.4569939025150607,1.9566669679103363,0.0
1.6543234304862864,2.0816119281894285,0.0
1.7518332466663644,1.7441789900113371,0.0
1.8283965653702914,1.294910783591003,0.0
1.6728125715795794,1.0104852820658818,0.0
1.2847179009057623,0.7935125372379501,0.0
1.0660220573693182,0.3366944466525394,0.0
1.5145868141070291,-0.30849794220202,0.0
2.2029657418778257,-0.7054665213241832,0.0
2.524531798879726,-0.9405070577947205,0.0
2.679904602158899,-1.0457720628681724,0.0
2.74628978076426,-1.1427173494247187,0.0
1.370637288478396,2.695360224714569,0.0
2.170727649417749,3.159118174204635,0.0
1.7129908595964642,2.9037135924069974,0.0
1.4403482913201893,2.526688574945569,0.0
1.6337827188991,1.9470367237819988,0.0
1.884860158386287,1.341184140546964,0.0
2.477000490183214,1.3538567349114932,0.0
1.9162490330770496,0.9161237428909123,0.0
1.742003519825071,0.5003432465804415,0.0
2.3410946662377348,0.40601099200603624,0.0
2.294995556833606,-0.34552931541708604,0.0
2.646184403618576,-0.8480243560470605,0.0
3.11049065022548,-0.8878837841043504,0.0
3.084018884351669,-0.8698951102121125,0.0
3.0090108004392317,-1.0504641463319129,0.0
2.956968475554486,-1.2017754755082415,0.0
3.1561721127041302,-1.4204579725849444,0.0
1.6043857574440372,3.63022816108326,0.0
1.3006557771468656,3.353407938199511,0.0
1.1549563219911096,3.197104045346796,0.0
1.547936997935726,3.0870308166816707,0.0
1.866142740529675,2.890364499073651,0.0
1.7860612353424996,2.625173204471372,0.0
1.4006868108944392,2.2016558194076756,0.0
1.4234219742912666,1.9371738010689818,0.0
1.5259273910067452,1.668443569538907,0.0
1.2257088511441359,1.2632582600996194,0.0
1.0425825605876307,0.8310854310774782,0.0
0.8984624562533532,0.45435323498344427,0.0
1.0605999113584137,0.039853840783509786,0.0
1.7379765795229865,-0.2768350038167337,0.0
2.098807902521433,-0.5262620126475018,0.0
2.275857809463008,-0.6278062894800841,0.0
2.3274485159024314,-0.7667906562630868,0.0
2.3186754707784183,-0.9306735026546163,0.0
2.4174664253083433,-1.0722457701664438,0.0
2.472110698295002,-1.1436741078453343,0.0
2.3106912359351424,-1.3066643956225856,0.0
2.304838964330858,3.4127134102157783,0.0
2.1376241466967865,3.068049174575175,0.0
1.8628779831966027,2.9699874681808978,0.0
1.96290548212502,2.9295835718759746,0.0
2.387570354940026,2.786106274449243,0.0
2.4600582084398677,2.6323429088493433,0.0
2.035002708459913,2.361889909687422,0.0
2.02036215923588,2.2200819890647856,0.0
2.1819142668548643,1.8922539764579336,0.0
2.2936995308060446,1.569375124959324,0.0
2.180064320094338,1.3692438618057055,0.0
1.799257702132464,1.085312650499989,0.0
1.2231882400879894,0.4928117915497161,0.0
1.7874654920937205,-0.056650751659570446,0.0
2.307691689355108,-0.03299327685620582,0.0
2.7100395200457124,-0.029396792412811644,0.0
3.238531724980221,-0.4312280272143756,0.0
3.3972066992759813,-0.6387636612350681,0.0
3.5984185641197466,-0.6572531037610537,0.0
3.5728654845517283,-0.7241100528402051,0.0
3.2265899206170605,-1.0232663188388358,0.0
3.28312438839805,-0.9126821841665983,0.0
3.2848721346152887,-0.9062428767623317,0.0
2.0925055122346174,2.9915235456128535,0.0
1.9863122382076268,2.708520581766092,0.0
2.1235247715144703,2.5720770444664187,0.0
1.9802425537847532,2.033598209356946,0.0
2.015769575225662,1.51299409649994,0.0
1.6080772983602156,1.2855763438409493,0.0
1.5240968370176116,1.1304032336342456,0.0
2.0799883308505818,0.5761823948111093,0.0
1.8276247207856098,0.6055022514508626,0.0
1.746202887618185,0.2233897812539401,0.0
2.191750860895802,-0.1313965475064428,0.0
2.2891806602868177,-0.06672780218777938,0.0
2.288349727462798,-0.34630167142121077,0.0
2.3643594605972003,-0.6973731461235116,0.0
2.47858023498033,-0.7574302783777175,0.0
2.4468715648559907,-0.9725382310797867,0.0
2.3960625207767583,-0.9079884562567326,0.0
2.26390511681372,-0.8418821556286318,0.0
2.23203909417594,-0.9190750468159172,0.0
0.8698089128901144,3.029357114370787,0.0
1.1223441973981625,3.0097409707990077,0.0
1.1684471011882378,3.0746749788845174,0.0
0.9642277763515062,3.063752063948386,0.0
1.3819194665256032,2.537590702807912,0.0
1.5032653074478362,2.3421422491125714,0.0
1.3239329916670244,1.3515504959877145,0.0
1.6160355607992114,1.1501634309938134,0.0
1.0517707032892287,1.1947704837730926,0.0
0.3988661291147078,0.9561482458809527,0.0
0.8178693500551979,0.3673431262723135,0.0
1.4336981852000863,-0.1350723339785601,0.0
1.8884784518950497,-0.5297204715642212,0.0
2.224732512481775,-0.8316503377091181,0.0
2.5531384286338143,-1.0796877481379645,0.0
3.0617059175129198,-1.1360048796259583,0.0
2.9791515622338656,2.507442805987402,0.0
3.4124137994330646,2.111172070887743,0.0
3.402170700783158,2.0646042944556666,0.0
3.21024525712826,1.7769705103613231,0.0
3.3369521922144925,1.4807147601593922,0.0
3.243185935074588,1.115034998263517,0.0
2.9914169193692457,0.7307175800977338,0.0
2.7787894611697537,0.34875045160617113,0.0
3.1159971744582218,0.18843327578511912,0.0
3.749751749261236,-0.19915516288473223,0.0
3.8836279871487207,-0.5936589376483439,0.0
3.5894359026115263,-0.8307848341254287,0.0
4.070237341837534,-0.9224730747693171,0.0
4.363518324337125,-1.1267336586424985,0.0
4.2197140082543445,-1.390290588779523,0.0
4.318055154114175,-1.537607122812735,0.0
3.860920327713677,-1.8669203159408654,0.0
4.06872583570681,-1.7822202885454346,0.0
2.0156274621262105,2.8983608391841917,0.0
2.1163254272607217,2.9864925076867883,0.0
1.2686351696841933,2.3694972885716243,0.0
1.6789483772617992,3.023778815577757,0.0
1.5362377773256972,2.8739587316295654,0.0
1.2397283900025016,2.168219151903062,0.0
1.3812434675214118,2.1944983580763466,0.0
1.186074354183104,1.4348741521459591,0.0
1.4908393493027856,1.1523771446857638,0.0
1.638105230846869,0.6361524062423061,0.0
2.1310174999573355,0.596483246904914,0.0
1.9936931873181587,-0.16119115856207647,0.0
2.62964195797861,-0.21065251987442124,0.0
2.748717063065939,-0.6156710219519831,0.0
2.7606200030215255,-0.8067167311250693,0.0
2.877246554020359,-0.6690900388541295,0.0
2.7964021583710017,-0.7243206524915241,0.0
2.868561353176687,-0.7709456657001359,0.0
1.829498279887946,2.5868980949499134,0.0
2.0015095347244087,2.2851751123755952,0.0
1.9131495026476149,2.2614616968811116,0.0
1.8450315298488429,2.237546717673006,0.0
1.7641841468572326,1.7296268878089445,0.0
1.733710902641726,1.407410570936254,0.0
1.7270602493504434,1.0849790160439075,0.0
1.9792023938462495,0.6592424146382992,0.0
2.2611118634917724,0.22246261237252443,0.0
2.3696283544137606,-0.2439667934522949,0.0
2.61118564555216,-0.4043781911194118,0.0
2.738435340183578,-0.5426784981935154,0.0
2.905119188186192,-0.7396304390353011,0.0
2.666647118092846,-1.1723904576820925,0.0
2.897090910416573,-1.3083465785925275,0.0
1.3592055638404137,2.6712444690471524,0.0
1.7741832264497157,2.3891211364175167,0.0
1.7911168825786017,2.248158711850016,0.0
1.6255315777915031,1.9475860687836557,0.0
1.8431577138186725,1.591651156921322,0.0
1.7582793259107632,1.4017632733374332,0.0
1.8954111041876385,1.2766875981332513,0.0
1.692800060285425,0.8015854462205255,0.0
1.3300300174354096,0.24426077751280112,0.0
2.004576011149449,0.018385981610224356,0.0
2.236944376986707,-0.5391827497881857,0.0
2.205540848638547,-0.994308071738299,0.0
2.2886828881559595,-1.1124540871488426,0.0
2.3113881633609292,-1.3145620663921194,0.0
2.3711349493900973,-1.4299608024831045,0.0
2.4768295240094647,-1.677423941693634,0.0
1.3545598491050863,2.998046104900005,0.0
1.5194063198014451,2.8439765531449286,0.0
1.1290003290103166,2.587388690801531,0.0
1.4674672463018097,2.2942736401366486,0.0
1.6899040421592515,1.6070785871088158,0.0
1.5354981483096564,1.8674033287216667,0.0
0.9298107210198465,1.4837565533502592,0.0
1.0114996466629824,1.2522849675654364,0.0
1.1928069722670902,0.8174844890562508,0.0
1.2460666771550757,0.6559745986560241,0.0
1.6628243598144816,-0.021037286150093624,0.0
2.1707871611618916,-0.4944070131621491,0.0
2.601224287080631,-0.7210441644412472,0.0
2.466997273734387,-1.2168483271205295,0.0
2.7189259174294143,-0.958140093914922,0.0
2.745670914775329,-1.0512415109744684,0.0
2.7704365541968317,-1.1028266679555778,0.0
2.650224798920316,-1.115636418179021,0.0
1.3951203318458176,2.979658553569142,0.0
1.1985495126844348,2.852519711170982,0.0
1.321708493379955,3.083165497090979,0.0
1.231164698147666,2.9377344789546846,0.0
1.2061846068599293,2.455142797383481,0.0
1.3160915126359918,1.723396298569416,0.0
1.6181494643075782,1.7406428549096795,0.0
1.387579474502196,1.325142201607391,0.0
1.6583114625424447,0.40241143380797656,0.0
2.012769841379516,-0.04963918665230758,0.0
2.317235720217962,-0.3715716515599678,0.0
2.6688966102792464,-0.09910624192592872,0.0
2.38181956833298,-0.24381399891536232,0.0
2.298881973931539,-0.15313035148592863,0.0
1.902429091074553,-0.6420264027603848,0.0
2.1526400281953126,-0.7506146382389265,0.0
2.115078460605405,-0.9042196352135619,0.0
1.5862687512192053,-1.3653871403650808,0.0
2.112966244824521,-1.1157569760508634,0.0
2.0481747296493973,2.8442771256884205,0.0
1.785864986753395,2.5824149720813536,0.0
1.7153319473695863,2.292410850104743,0.0
1.661826118802448,2.162435398083061,0.0
1.7530725813737156,2.1741134800844777,0.0
1.7486165291000082,1.8881085444462105,0.0
1.6650554109782387,1.2429799370744903,0.0
2.115451439914889,0.5594824188002095,0.0
2.399450079339374,0.20025589346960196,0.0
2.5999040763960393,-0.177257694352525,0.0
2.231037592583794,-0.763444201886335,0.0
2.208510149239731,-0.8703166643922419,0.0
2.52527332006684,-0.8215316123147414,0.0
2.640944072498251,-0.9576754029696096,0.0
3.090797596238697,-0.9972041574016224,0.0
3.3218868614591948,-1.0926053354289496,0.0
2.0230879528700925,2.419301621841373,0.0
2.0887792050255354,2.092929751481042,0.0
2.124593722332076,2.057912070693499,0.0
1.7778753467694215,1.3103933110871415,0.0
2.032806675480368,1.1045379817246037,0.0
2.1051006776129153,0.6570010378400807,0.0
2.024697253901936,0.1455237644703837,0.0
2.021269018394832,-0.07704009468844981,0.0
2.6301575020262993,-0.45826334813887565,0.0
3.2262339579545674,-0.7756037619262199,0.0
3.3158454046649695,-1.0316758533376373,0.0
3.45947975503728,-1.0619879256921558,0.0
3.2727316709822873,-1.1939983850258866,0.0
3.442451601323766,-1.1422820951016959,0.0
3.31241328548205,-1.0562497487848297,0.0
2.915618543493171,-1.3192481650521417,0.0
1.2238869826077865,1.8980191346119655,0.0
1.3952353652873433,1.6872997401553314,0.0
1.4114214947478416,1.4417221878156325,0.0
1.6456091371998918,1.3605832692803115,0.0
1.8295986679145715,0.84321966476017,0.0
2.010843208221364,0.5306865791432407,0.0
1.7952284560959966,-0.05966165738544756,0.0
1.664834918247593,-0.22823142953122516,0.0
2.167114804190156,-0.6344408447842595,0.0
2.4904380064630924,-1.0601551404474328,0.0
2.66262890124549,-1.104681839218596,0.0
2.712095270396758,-1.1061997950716065,0.0
2.7562838004721812,-1.1888981610917986,0.0
2.607426955638816,-1.4493230729089044,0.0
2.7433778861597133,-1.3230959097121617,0.0
2.68610808063349,-1.3699834093244159,0.0
2.6366664600262215,-1.4603527020595553,0.0
2.4527111036782183,-1.8330926927788997,0.0
1.8396062434671212,1.5286660677845612,0.0
1.8284790726245406,1.056702642022047,0.0
1.6774307484288935,0.6269835859944896,0.0
1.74348934979235,0.3070962211767685,0.0
2.3200780194918833,0.08891415290161588,0.0
3.092102423203802,-0.17888510683732,0.0
3.052350257867688,-0.5805195177692823,0.0
3.1059254586775746,-0.8779692868079432,0.0
3.2709286276614793,-1.0581403613463585,0.0
3.2796627718344635,-1.1759512430757073,0.0
3.1374359605496274,-1.366465483978445,0.0
3.266760378339098,-1.45866553718502,0.0
3.3443211977328633,-1.5622991332795941,0.0
2.99286141776076,-1.7683159755302238,0.0
2.0761527876185597,2.611837382697596,0.0
2.1011308621702374,2.4704175266613495,0.0
2.090230399626617,2.1220092709252287,0.0
1.802642779436074,1.5656559486205368,0.0
2.2813742239709205,1.51237504931931,0.0
2.3251790207048777,0.8838317297683128,0.0
2.3714508264354293,0.3131192581085945,0.0
2.3611641574967486,-0.07492064232759979,0.0
2.356756351094105,-0.44666828330606134,0.0
2.537207274368783,-0.7040921830397316,0.0
2.703465385721395,-0.7566688982290165,0.0
2.5284910973309827,-1.1199120659308703,0.0
2.5073115563322212,-1.3001567964229708,0.0
2.613766649059963,-1.2129956511237632,0.0
2.788621456978455,-1.1709875190517378,0.0
2.401093006530185,-1.591094489673556,0.0
1.644586537877447,2.8555137233933805,0.0
1.8972536066359633,2.5453530404001063,0.0
1.9446107771046348,2.280271134103931,0.0
2.027912163561372,2.334616165077326,0.0
1.780930868033035,2.093589480153149,0.0
1.6633653644197133,1.7033547051491669,0.0
1.6328243150940007,1.446729842298917,0.0
1.7148683343024314,1.0452876697570468,0.0
2.1788742468519118,0.6027885816614527,0.0
2.5845519906233174,-0.007130258233167786,0.0
2.4169645817268464,-0.476430362426977,0.0
2.2417428301818774,-0.4380156971872433,0.0
2.229245916701157,-0.4859758761487123,0.0
2.1593078868007796,-0.9312695632373994,0.0
2.5251062687232175,-1.2874570981074165,0.0
2.921589711803024,-1.5110866466212813,0.0
3.0476538104133972,-1.6712764294168818,0.0
2.9722741413833558,-1.9175994530237175,0.0
2.96412967685068,-1.7998306491762848,0.0
0.9753848480483233,3.458358998166336,0.0
0.9309394533455432,3.3745302249838414,0.0
1.2175886564334135,2.764462257395646,0.0
1.6903642805789725,2.436795333282706,0.0
2.1248364924740355,2.101335192651488,0.0
2.3818124247240124,1.5872231787924196,0.0
1.9863346375948323,1.0042012025661524,0.0
2.2315483129825617,0.500643254842398,0.0
2.678901536081923,0.12329484161111343,0.0
3.119906503574772,-0.25045270338254644,0.0
3.2742602385238517,-0.5861029863808822,0.0
3.2897639733577386,-0.9140495095828509,0.0
3.352342042820802,-1.1463856007704663,0.0
3.4468381047384433,-1.4023630699371772,0.0
3.4969523842659185,-1.6196842202635195,0.0
3.273365895485754,-1.8102533080422372,0.0
3.3273445613641943,-1.8452879646021707,0.0
3.4998734957510296,-1.8329599251710846,0.0
3.4077247329492866,-1.809471657438105,0.0
2.960187797745997,-2.096350663418426,0.0
3.3700767488600922,-1.8928659201972347,0.0
3.300220287670937,-2.0737816731542065,0.0
3.336700444062535,-2.1897740118762155,0.0
1.9731003228094002,3.0873830100319246,0.0
2.038430776592014,2.7892323398410515,0.0
1.575747872629077,2.176680324093103,0.0
2.0475013508566686,2.222381831041691,0.0
1.9364727379429505,1.6741675409233536,0.0
1.8505594307141617,1.354141572183277,0.0
1.935720853985873,1.0282758617572298,0.0
2.208787409285341,0.7416492474435487,0.0
2.547404450960755,0.41802316478711266,0.0
2.746822091784964,0.09176754854878112,0.0
2.9318985684476213,-0.216659349348511,0.0
2.9055363076884486,-0.5439489664245784,0.0
3.05366068608385,-0.6627569502952932,0.0
2.976273541286078,-0.7739937635111895,0.0
3.0531796741629647,-0.632482965724176,0.0
3.009369879075848,-0.6809808170259317,0.0
3.0919460096189098,-0.9327520122623855,0.0
1.49971332480296,2.061887815169652,0.0
1.3211650707308475,1.8470943550144399,0.0
1.2362382795406857,1.7236059386537335,0.0
1.3191992573322624,1.5110520622958774,0.0
1.544391754411203,1.241747473839489,0.0
1.706773709131428,1.0793314430832082,0.0
1.5357326836984495,0.8679379640384235,0.0
1.5841170567153182,0.7889204813375079,0.0
1.648692561301061,0.3268234122616466,0.0
1.7185166330034274,0.1507459724382639,0.0
1.7562464707702479,-0.1474549820610912,0.0
1.8461417155162745,-0.46925486246164283,0.0
2.107997778118938,-0.7609182173966885,0.0
2.3506270888191616,-1.0069729931218705,0.0
2.5578511896018417,-1.0705116424458156,0.0
2.768081200667845,-1.1180571418434586,0.0
2.710588505772668,-1.343855038507156,0.0
2.5592423561254125,-1.8885370296454562,0.0
1.2415387599403913,2.726435492388633,0.0
1.2321759449282836,2.594496512114082,0.0
1.2328850794773552,2.1999060556849845,0.0
1.6827890020187084,2.116303860730908,0.0
2.0074093170646354,1.9805712770337927,0.0
1.4822302698778413,1.8064033502606827,0.0
1.1286359186328452,1.096904179236945,0.0
1.2803097574989375,0.04195690990809755,0.0
1.7299712975860828,0.1777879499993435,0.0
2.837794872940303,0.157255099772996,0.0
3.2768223903204494,-0.16815339543370594,0.0
3.2886329242853654,-0.3002940997788443,0.0
2.9238504041927356,-0.8389723980952575,0.0
3.3159874224672037,-1.1086190645121985,0.0
3.301678952888174,-1.359210285492533,0.0
3.274892905806178,-1.6331257285381608,0.0
0.8044488802788073,2.5984167532164153,0.0
0.7896486385743249,2.6790201878957856,0.0
0.5597649435477697,2.740050892454524,0.0
0.8225726654916721,2.5957233680176084,0.0
0.966753383499699,2.1756062948178703,0.0
1.2355295868003313,1.9290023530084457,0.0
1.4000788060746665,1.6357201817118077,0.0
1.3356001853260835,0.8871542489526135,0.0
1.6561314467964858,0.5396514413467105,0.0
2.149039045251513,0.33042658016405074,0.0
2.130992249921941,-0.5666546659022599,0.0
2.5925081247394406,-0.8442456331324467,0.0
2.8924970568167994,-1.2514760569002654,0.0
3.172007939485147,-1.5700444465053585,0.0
3.278880970181996,-1.4890109501973632,0.0
3.0059288849644283,-1.7915322109128593,0.0
2.8191484649976464,-2.0335123420968952,0.0
2.846886438131804,-2.1160118956162988,0.0
1.3832405800952596,2.9913779277294257,0.0
1.4457218439507873,2.931962644882347,0.0
1.5219110463622054,3.1158621483720217,0.0
1.293600032678834,2.7880608361517294,0.0
1.3867391035856635,2.4617288956104453,0.0
1.2964617292839926,1.9645845733583371,0.0
1.7967245521404331,1.822327445370266,0.0
2.1351487990905733,1.2032613022600445,0.0
1.9487032944729845,0.5446254741280266,0.0
1.9009535246942244,-0.025719830237839133,0.0
2.1880665341805794,-0.49039585755835746,0.0
2.6870690492354563,-0.4178547961399341,0.0
3.100517935703355,-0.6986016911498018,0.0
2.9131380581390562,-1.3095476854514716,0.0
3.1123295805728457,-1.4410773014692686,0.0
-2.8832464969674496,0.967185623302184,0.0
-2.8594351212118525,0.6321071377989994,0.0
-2.766597702410236,0.4214088231837317,0.0
-2.8127047334026867,0.10850640270585961,0.0
-2.776706876045511,-0.004735407151346795,0.0
-2.6658513839024573,-0.43542183156739467,0.0
-2.5177940815113,-0.9904240840046326,0.0
-2.3930291308510925,-1.3707691084564442,0.0
-2.2112752950784644,-1.760088606994461,0.0
-2.043501276289069,-2.1064526673819777,0.0
-1.8305503049353653,-2.3205984620698494,0.0
-1.7236210319646297,-2.4768732725287115,0.0
-1.6117115058579823,-2.5551857183980813,0.0
-1.344313897442236,-2.6690881070774886,0.0
-1.1346294224733644,-2.628140548413762,0.0
-0.7191441988163544,-2.651514394767191,0.0
-2.593498116460419,0.8927676270460223,0.0
-2.5307760795218135,0.19643193418901422,0.0
-2.403589628100002,-0.5709147445577338,0.0
-2.47919619466308,-1.2602096916413363,0.0
-2.595105930779986,0.15056831874077212,0.0
-2.3771017433742756,0.2701876992323969,0.0
-2.1603002618023273,0.16674958167556403,0.0
-1.9969132758536534,0.059724253037414334,0.0
-1.93128360534802,-1.0143953136613326,0.0
-1.720477101653015,-1.7657662280421722,0.0
-1.7753772615799572,-2.646063060720547,0.0
-1.6337695213007217,-2.605230948231793,0.0
-1.266704449960864,-2.3001973726347162,0.0
-1.351564131958796,-3.01375714624123,0.0
-1.2565014483365828,-2.9062209632977263,0.0
-2.7042141392938275,0.7729268616194054,0.0
-2.5144908806769286,0.6073620756724827,0.0
-2.308541741569332,0.4132769203561162,0.0
-2.3023495145870845,0.06548844817044054,0.0
-2.415232870897291,-0.29576342751392937,0.0
-2.3784851582242714,-1.3249443768113258,0.0
-2.152065019815202,-1.5832743929613071,0.0
-2.019917445679278,-1.8218090287181627,0.0
-1.7836964704289133,-2.1072270770266868,0.0
-1.9173299923894696,-2.262371107613593,0.0
-1.820458950824721,-2.0916892612453175,0.0
-1.4160097449412146,-2.220991180805302,0.0
-0.9620624341825073,-2.5227942011894693,0.0
-0.756811850842998,-2.1065695206447175,0.0
-0.26710752475453703,-1.7019132031573079,0.0
-3.0794193317515064,2.981347822514264,0.0
-3.257213070292987,2.1957320880211615,0.0
-3.5046119384440066,1.9629259699492108,0.0
-3.3871785168727615,2.0639937157674133,0.0
-3.2589850694085487,1.729708059893683,0.0
-2.9246539160252762,0.9887842244014682,0.0
-2.9263386748189633,0.553206314670402,0.0
-2.529700054348571,-0.22805550704723784,0.0
-2.7571285577419613,-1.1894934450391301,0.0
-2.7027898197544573,-2.054156446836237,0.0
-2.3380048134106732,-3.2611943289853325,0.0
-2.054702539687186,-2.9025815356904903,0.0
-1.7240737477470083,-2.170511802895485,0.0
-1.7255651839511643,-2.2103333365754296,0.0
-1.2922012635713915,-2.848618238436982,0.0
-1.0448368804365298,-2.710802386526945,0.0
-1.1080072740924787,-2.8791098167315408,0.0
-1.843614049777177,1.9925921715340602,0.0
-1.6820155339596725,1.0444811816047257,0.0
-2.1988453167906687,1.0413487488085056,0.0
-2.5854938366720996,0.6622992157138091,0.0
-2.399892526546641,0.06152001554016434,0.0
-2.267652786598986,-0.26864533249333095,0.0
-2.3377580648822396,-0.5340692278981777,0.0
-1.9232839774803028,-0.970368498184768,0.0
-1.4007414349139085,-1.7522667200828064,0.0
-1.6414792956332789,-1.9036436756211677,0.0
-1.4923477347942518,-1.7760158856148718,0.0
-1.022823856284534,-2.1140922387641607,0.0
-0.9879810218450321,-2.488097704941162,0.0
-0.898841780448829,-2.395091095753699,0.0
-0.6561799943771353,-2.622908180295396,0.0
-1.9710287703006635,2.6094318975520596,0.0
-1.9143020379565427,2.7466281565387316,0.0
-2.029480812368564,3.00049967913958,0.0
-2.3989838858366155,2.68843342441455,0.0
-2.286677016040966,2.1599047947872947,0.0
-1.8985739668294752,1.511144338741979,0.0
-2.4344844044518785,0.6927484459413544,0.0
-2.1721297734119127,-0.7757893921981627,0.0
-1.819383204971924,-1.816448124027745,0.0
-1.924493348307445,-2.896184731459485,0.0
-1.9974539766913273,-3.340838780821436,0.0
-1.7764266148263832,-2.8227403961476933,0.0
-2.9395165379101122,1.5957557476067072,0.0
-2.7345095768607313,1.7570811942166848,0.0
-2.261304085131919,1.8164682983318166,0.0
-2.483009657194648,1.2093226072968564,0.0
-2.3862651735804783,0.977628522415451,0.0
-2.0498916994208956,1.2804451902511733,0.0
-2.1921569307575264,0.932758399041335,0.0
-2.4145411484261237,-0.5305588763474545,0.0
-2.1639318999239654,-1.1547097239774904,0.0
-2.006699690733911,-1.7425077609379842,0.0
-1.8869304515952368,-2.2589029562953487,0.0
-1.1168242510481918,-2.612579993205594,0.0
-0.6361550815689807,-2.799751327876354,0.0
-1.047042894308212,-2.970595820267333,0.0
-0.9910990931658081,-2.7672855131357843,0.0
-1.0391377741089736,-2.706644521084277,0.0
-0.6781550764672872,2.6905606733664853,0.0
-1.0243334375931827,2.6638958384406677,0.0
-1.221254683277378,2.257099196394141,0.0
-1.135293676988578,2.2681669521476144,0.0
-1.3032524446431093,2.489019398798457,0.0
-1.6489636891400625,2.2380773445843976,0.0
-2.117649555993915,2.022023266006347,0.0
-2.45838000711856,1.5385389126279916,0.0
-2.281565440120019,1.3755107758545455,0.0
-2.2601592662395764,1.4114458543313415,0.0
-2.5793256356159704,0.5976564252265867,0.0
-2.6023447367692465,-0.76261120049879,0.0
-2.5117150112971935,-1.8067230176041555,0.0
-2.396244863054955,-2.4345703507918937,0.0
-2.1479545344270563,-2.7689549289659787,0.0
-2.278032553120847,-2.664151954834778,0.0
-2.303968700916849,-3.020155457305888,0.0
-1.749615522830436,-3.2901115665183704,0.0
-1.546865649887629,3.0173213258354927,0.0
-2.05369443528276,2.4982911848622846,0.0
-2.6118808963586684,2.5368097799944413,0.0
-2.5999909347098042,2.3228600175553376,0.0
-2.719030422375253,2.1753207736043025,0.0
-2.650189332948383,2.2171197780670067,0.0
-2.580192146090509,1.6009363675032109,0.0
-2.4704554757550783,0.8356366031711905,0.0
-2.455245397985988,0.053139899318207576,0.0
-2.34212441140669,-1.056984728853802,0.0
-2.1865956353680653,-1.8863984276859007,0.0
-2.0345610976316073,-2.1765759319120406,0.0
-1.6164570848024862,-2.6515218836114864,0.0
-1.242893180177322,-2.8365103723019285,0.0
-1.1511410015555472,-2.9397508655300095,0.0
-1.218375966502449,-3.2029882466046646,0.0
-1.2954476150810712,-2.761196816980114,0.0
-1.1338199756401304,-2.8712550692318723,0.0
-2.0422300202935078,0.8415856951219463,0.0
-1.2534855271030187,0.3978180973851686,0.0
-1.2061858835453467,0.4717203865739004,0.0
-1.3810769449350815,0.19697688789344925,0.0
-1.5194340072906196,-0.25736248270304946,0.0
-1.5305888754998203,-0.8792739094636233,0.0
-1.3490985618946925,-1.3937727383079603,0.0
-1.3651756321022357,-1.4474052044091863,0.0
-1.2451003081069385,-1.8746953933661938,0.0
-0.8153101068159535,-2.395314671240619,0.0
-0.8283147530485779,-2.5763548474498297,0.0
-1.2052215739924517,-2.480064027708174,0.0
-1.144969654527983,-2.053862773166813,0.0
-1.0714924657974987,-2.4114861616608168,0.0
-2.649614785963083,1.6246792227152658,0.0
-2.8280974547885984,1.5882846360266853,0.0
-3.074097123498216,1.4290959936179033,0.0
-3.1106173310409777,1.2831138258573234,0.0
-2.918662880386005,1.1256476250940857,0.0
-2.805428400351781,0.6236465644273216,0.0
-2.9454411441791164,0.39972002400844847,0.0
-2.9413042104346476,0.41175982694448254,0.0
-2.7452187986631453,0.4644140343847471,0.0
-2.243834674177558,-0.028261669681251083,0.0
-2.0247711334636134,-0.7531346989300632,0.0
-1.9813148544731398,-1.462992558413777,0.0
-1.857711744959745,-2.0899507242657065,0.0
-1.6965263750703685,-2.6521745038226814,0.0
-1.5454953894258638,-3.0140655159326486,0.0
-1.4608858500992996,-3.4098800689580253,0.0
-1.312208505353135,-3.6770988912348628,0.0
-1.2707967532936053,-3.37028688934602,0.0
-1.091997082939041,-2.949827312476213,0.0
-0.9958342143860676,-2.7319591346151664,0.0
-2.2149035316563173,2.1232694996489316,0.0
-1.9849561585579394,1.9911214946384606,0.0
-1.8444718169662908,1.4696276062727456,0.0
-2.204424484913666,1.4105098585115137,0.0
-2.3397159544481707,0.9334189291011102,0.0
-2.3807976814087954,1.6590139874293566,0.0
-2.648253639641713,1.4394227043587207,0.0
-2.2855332275001996,0.8591448473890103,0.0
-2.4234246470643592,0.5057920612088161,0.0
-2.2242888512575556,-0.6899378302703236,0.0
-2.1358271020223594,-0.38259680378174593,0.0
-2.358304319259443,-0.3973781748446265,0.0
-2.3166622340165652,-0.722749791770479,0.0
-2.147360801456433,-1.0022911522751639,0.0
-1.7484422257981742,-1.2875094017863316,0.0
-1.9625687093363466,-1.4566742985223433,0.0
-1.987611319235333,-1.855803117445675,0.0
-1.6492660466889697,-2.0132796447680916,0.0
-1.337252617309699,-2.327147063218106,0.0
-1.9933445495366615,1.8241868807996506,0.0
-2.354933507893807,1.5106490733335205,0.0
-1.8704956829497785,1.3947816016242869,0.0
-1.3229593179684052,1.093767704852556,0.0
-1.3367563149246597,0.6966381672526532,0.0
-2.0413952801397777,0.633048801087569,0.0
-2.1753360027916004,0.3796393739622907,0.0
-2.077767860280796,-0.09141477710278895,0.0
-2.1214926528043563,-0.7097581001517393,0.0
-2.2059258088402505,-0.3298205409357154,0.0
-2.2039080640746334,-0.997973011895445,0.0
-2.241064088536814,-1.2039269282680738,0.0
-1.9323549749394309,-1.1208871548990034,0.0
-1.4049135631334582,-1.1107686106507513,0.0
-1.549439565356169,-1.6660634017458615,0.0
-1.7650000232112277,-2.1490448055630034,0.0
-1.6579186450151846,-2.002240534020129,0.0
-2.0658070892321376,1.9294615516344196,0.0
-2.254376501319809,1.8518996032780226,0.0
-2.295291829766174,1.7104886572702729,0.0
-1.9416644023584393,1.4499518853579443,0.0
-2.266702918929863,1.036839059774134,0.0
-2.4299790275654316,0.8911869681974017,0.0
-2.3617722798315084,0.5985922856775641,0.0
-2.384772706421602,0.3476236540380084,0.0
-2.1128932453258495,-0.2706716170333374,0.0
-2.2447646888862605,-0.5293556520980692,0.0
-2.1916281547722756,-0.9860142355249994,0.0
-2.107393879589325,-1.2721936362869823,0.0
-1.995492320259295,-1.4860783768860106,0.0
-1.9172694690875363,-1.837321067738516,0.0
-2.538353274654965,1.2522937368444,0.0
-2.6394773464494627,1.5775316890131772,0.0
-2.6589913692693226,1.7306005894368415,0.0
-2.583592236046404,1.1389138232716993,0.0
-2.5955765257304226,0.7127844710136423,0.0
-2.5915557028574847,-0.06505210673302463,0.0
-2.3888290959171794,-1.0222159217552684,0.0
-2.2540467422753947,-1.2014477502744296,0.0
-1.8818810669655666,-1.4452061161955125,0.0
-1.5890611168102773,-2.2379138431065235,0.0
-1.4741860064907855,-2.8592707928077474,0.0
-1.168071284377043,-3.0191401798182014,0.0
-0.922307147471088,-3.0474460952190627,0.0
-0.8791094756184904,-2.812749783254862,0.0
-2.465449019434454,2.3698623370824854,0.0
-2.392474058071038,2.090832087618826,0.0
-2.4814023144269557,1.8664981249220889,0.0
-2.389164812494976,1.3969649973494593,0.0
-2.443488942577206,0.8098571453645655,0.0
-2.6529008040626487,0.4026346166112282,0.0
-2.424375085561528,-0.04835835150640285,0.0
-2.248439613658497,-0.7022874069218314,0.0
-2.1322439764210825,-1.3078100885569361,0.0
-1.586575799925695,-2.446294479679144,0.0
-1.2061158969091057,-2.805503837879306,0.0
-1.0546263783294698,-2.666303986806736,0.0
-1.3697388694982837,-2.824005132201981,0.0
-1.485254824453769,-2.8316902235771964,0.0
-1.3325766160502335,-2.885491071351332,0.0
-1.0750905439847782,-2.7336510048251252,0.0
-1.0424809916615299,-2.86045946996905,0.0
-1.1120483085932877,-2.998794530690096,0.0
-2.5311382085599754,0.53737009452936,0.0
-2.834719619463652,1.2287917458830069,0.0
-2.651197747465608,1.3004465344065912,0.0
-2.5148798562195016,0.2492057673344957,0.0
-2.4369046902074643,-0.1305413797489819,0.0
-2.357372501533167,0.06685146264866842,0.0
-2.154685769202386,0.016513256179441743,0.0
-2.2712274692742764,-1.247481406626487,0.0
-2.009152685191177,-1.8671735826877414,0.0
-1.7703580464596997,-1.825115739106746,0.0
-1.802485264609807,-1.9449883984842034,0.0
-1.8168640004877266,-2.644013006684109,0.0
-1.6828607279308532,-3.0625569254946865,0.0
-1.418768956678786,-2.9002693998317097,0.0
-1.2580184582766496,-3.1397150580708475,0.0
-0.9875543661840324,-3.211157073090856,0.0
-1.1272740236072785,-3.327654263201746,0.0
-1.0854677870946543,2.609415304860943,0.0
-1.6217563273980808,2.5576432033480323,0.0
-2.2921752024551543,2.6816732615661802,0.0
-2.3150930035006323,2.020714910195152,0.0
-2.011394088718644,1.774113338304483,0.0
-1.6961743336574455,2.0268291947086143,0.0
-1.8814899612571456,1.8730464309305592,0.0
-1.549704161299005,1.90727012314271,0.0
-1.5436224267164058,1.2779404386816344,0.0
-1.8034332452152193,0.26150570221343583,0.0
-1.9786580273168966,0.16959777443006838,0.0
-1.9222240686684773,-0.32769671768052017,0.0
-2.05476275841679,-1.0259586234337952,0.0
-1.972617084140529,-1.5284373291294746,0.0
-2.0079363957593586,-1.6590366957454608,0.0
-1.8727701903064287,-2.0915447940220306,0.0
-1.7331090943395069,-2.395011345594438,0.0
-1.8313053802028898,-2.6186845493674125,0.0
-1.6680901118959814,-2.699278504409847,0.0
-1.4456212839073772,-2.909856975380029,0.0
-1.2387232622102728,2.5567061683068903,0.0
-1.9098047594336707,2.368908882988296,0.0
-2.064980331871724,2.0511861306238286,0.0
-1.9828990442962589,1.5589088736623473,0.0
-2.2150718326415677,1.3331528671763864,0.0
-2.6083161208101457,1.0162588380149915,0.0
-2.782925556515608,0.6180536468694922,0.0
-2.5612271340710615,-0.13898732832235075,0.0
-2.449169189677402,-1.059226945844147,0.0
-2.4626596574091826,-1.4346095902462392,0.0
-2.236962686871317,-1.4603183292402224,0.0
-1.798440914696887,-2.093122648463816,0.0
-1.6559774364226436,-2.6098163807880015,0.0
-1.5670769529102309,-2.951592740896175,0.0
-1.4229936018263878,-2.8398603218078855,0.0
-1.1218207213867974,-2.7332051899035616,0.0
-1.100721936462233,-2.917864762412644,0.0
-1.9665954149946994,1.4387480685515344,0.0
-2.0322086497281977,1.3278532092569206,0.0
-2.1470142421273644,0.5281633410915595,0.0
-2.3707408871459896,0.22237462074060896,0.0
-1.902072997101161,0.34973841490413426,0.0
-1.811572438105007,-0.09423875567845381,0.0
-1.9827991180562183,-0.6571677042247742,0.0
-2.0080702187024477,-1.6578413005834927,0.0
-1.447642458981713,-2.3075877335038157,0.0
-1.156855934360981,-2.685212351826054,0.0
-1.4581444017234078,-2.6259339938757584,0.0
-1.584039841315965,-3.007490883250643,0.0
-1.1996699411908107,-3.2845871169082224,0.0
-1.2065469280088572,-2.931715743091607,0.0
-2.4711614588215567,1.564262830238953,0.0
-2.3581669036404063,0.9318229301172961,0.0
-2.279578558909351,0.9005086441367728,0.0
-2.483729450081582,1.4027870554918058,0.0
-2.7850762494792036,1.51218173045982,0.0
-2.932777861547654,1.193364516746477,0.0
-2.8698998211631817,0.5459279855051827,0.0
-2.428150294473801,-0.5953337723230757,0.0
-2.454855706210354,-2.258099694794937,0.0
-2.0863083414678276,-2.8469588140261104,0.0
-1.7261901994421738,-2.6043918815291205,0.0
-1.4144361163910784,-2.7368009028766735,0.0
-1.1902821194691602,-2.932490380888117,0.0
-2.62284159097679,1.3977319246947413,0.0
-2.872088809642923,1.2789771363536035,0.0
-2.9837470722446437,1.066820354957252,0.0
-3.029374068680161,0.3640072629345987,0.0
-3.0371237000063744,0.7717599684599615,0.0
-2.705355195829358,0.7831723406808271,0.0
-2.270244888108652,-0.25356922770641493,0.0
-2.074002733186517,-0.6821756032173096,0.0
-2.249267397165314,-0.8076408068805877,0.0
-2.0149881901901954,-1.2174446570123774,0.0
-1.7162134310145507,-1.5486469929694575,0.0
-1.5995204719691187,-2.840727657526185,0.0
-1.3343011033110477,-2.590093590811703,0.0
-1.237889622340098,-1.9382560923002947,0.0
-1.3286311350812192,-2.181959466557043,0.0
-1.2290156187341128,-2.261190587884503,0.0
-2.694451815032171,1.4289472399936756,0.0
-2.5319632176556452,1.8156598105530584,0.0
-2.5760497170874084,1.2113847310764567,0.0
-2.5475696153491008,0.27208410628281837,0.0
-2.4234093288514167,-0.005553578490832533,0.0
-2.2678656374116346,0.2638094012143838,0.0
-2.184753110637872,0.645717360977266,0.0
-2.280885969642895,0.7104913715773276,0.0
-2.2315573192221483,0.18379536281231829,0.0
-2.011808041068025,-0.38723471137359633,0.0
-1.4687478194255859,-0.882894308371847,0.0
-1.2332820237489501,-1.1141778679799803,0.0
-1.045150120608453,-1.1347453971254011,0.0
-0.7874568251076851,-1.5446539596341522,0.0
-0.9792283385695925,-1.314076686477814,0.0
-0.9053026943114312,-0.8738099468500573,0.0
-2.0344311688644874,0.7999258250719407,0.0
-2.0408088592482083,0.8699891640084326,0.0
-2.3500003834184997,0.6777656575675955,0.0
-2.312385202326268,0.6154162795787252,0.0
-2.128606933282476,0.44556478064804333,0.0
-2.3034236383701487,0.336174626740773,0.0
-2.573071507579788,0.17543660333780847,0.0
-2.6185690277544595,-0.29928637311957984,0.0
-2.5794348751114886,-0.5012462990670585,0.0
-2.3552879720672446,-0.8772125447653295,0.0
-2.004043344462953,-1.5257303623752272,0.0
-1.734430217610001,-1.388487146790905,0.0
-1.6408277505420321,-1.0525559854131914,0.0
-1.7699440522466416,-1.5659257113323317,0.0
-1.5615328647779398,-1.8995259548205983,0.0
-1.7789986242560039,-2.1417071058370096,0.0
-1.6127593544574634,-2.178328918748358,0.0
-1.3496366099347437,-1.8515033667683225,0.0
-1.248207529707001,-2.1266852913081866,0.0
-1.2200826262172082,-2.4724343501158046,0.0
-0.7961710719281804,-2.5266509846844407,0.0
-1.5811140077584322,2.4597398314659853,0.0
-1.374393884137549,2.3587817804454057,0.0
-1.2750104577364512,1.7024619193298032,0.0
-1.3929080770346984,1.4228080695569423,0.0
-2.214410945152548,0.8541719968672852,0.0
-2.210896426912598,0.35665140868381107,0.0
-2.1326294373964374,0.10782370993452547,0.0
-2.5400231887287092,-0.2237975495803251,0.0
-2.3944711727074037,-0.6587891313342878,0.0
-2.472614657200948,-0.7985090156434673,0.0
-2.22010808051528,-0.8492515773875929,0.0
-1.5137493780000963,-1.3134738302012432,0.0
-1.2545017013609399,-1.7213883651734783,0.0
-1.0284489497305662,-1.8125983107924264,0.0
-0.7111001962973371,-1.8137327493926232,0.0
-0.4985759547293004,-1.6433116223104807,0.0
-2.1866323608330975,1.2458577307155787,0.0
-2.2444309459134595,0.6994502979546121,0.0
-1.9634780456902388,0.6085169744209502,0.0
-1.9772772874394409,0.4822652388258829,0.0
-2.1732012726692207,0.23245620983382145,0.0
-2.1653787359677557,0.32447277135247,0.0
-1.9951510608839138,-0.040773998143975095,0.0
-2.3498854457786216,-0.5688839074073851,0.0
-2.4068061259695073,-0.5025064655881116,0.0
-2.2558748048651998,-1.2218509054225366,0.0
-2.105807393146228,-1.6001964695987483,0.0
-1.9777936392482969,-1.8311596165108859,0.0
-1.5692301558976205,-2.1002573072809465,0.0
-1.0434070058381288,-1.9755576544084723,0.0
-0.9572302124373522,-2.5164680327490396,0.0
-2.0587528101671437,1.3631684899448173,0.0
-2.3438468985746903,1.7789629381636438,0.0
-2.2333601992967305,1.7713716567533717,0.0
-2.1451445427192364,1.799310209753919,0.0
-2.2711287476729116,1.6954389781984003,0.0
-2.173892657539338,0.8283242170621828,0.0
-2.2155260100712404,0.23094718935630806,0.0
-2.2751879238762234,-0.1625391837157119,0.0
-2.1345698433315206,-0.21302367582963175,0.0
-2.1072116369978025,-0.0651078513521518,0.0
-2.042695030295859,-0.5773292206068393,0.0
-1.8930380238990436,-0.7640967346447741,0.0
-1.4138099586347026,-1.016016229652247,0.0
-1.5531769790387548,-1.1655335358073342,0.0
-1.4845842842392234,-1.5777663249967437,0.0
-1.5112652521957635,-1.8107138517741794,0.0
-1.5999145200612264,-1.8197275432815052,0.0
-1.5016710467714167,-1.808475714720472,0.0
-1.4344567722821038,-1.4911789459532485,0.0
-1.5811498890404896,-1.5974119324682259,0.0
-1.6624439259612482,-1.7123307610573426,0.0
-2.4303312613946484,1.575128754669807,0.0
-2.6191477067332314,1.541216019695076,0.0
-2.6789518060302937,1.2119552101783457,0.0
-2.7927875465128564,1.1730649094343994,0.0
-3.037197223408834,1.511150758778667,0.0
-2.974024091885137,1.3967664477640738,0.0
-2.8896460586836064,1.0435601404519483,0.0
-2.7031332531103285,1.047376655757041,0.0
-2.5554011438306934,1.3272653651230326,0.0
-2.5164047897602373,0.5899079664627199,0.0
-2.467003470087268,-0.26160563286352223,0.0
-2.5269111941093825,-0.4408838569828673,0.0
-2.295025295326032,-1.109849338092513,0.0
-2.164273124216643,-1.6919807997152765,0.0
-1.8344463668025324,-1.5596230551861627,0.0
-1.4474446742272964,-1.7170593020052465,0.0
-2.6363792652046714,1.1819235880613415,0.0
-3.1999387596234277,1.4418570652339198,0.0
-3.200158091746268,1.198296433774534,0.0
-2.8644154912872573,1.2832119261959105,0.0
-3.033921672690829,1.0894611153561922,0.0
-2.9548019100143796,0.895888024591473,0.0
-2.621695335647019,1.2449011111912656,0.0
-2.754484037247651,0.9522413767930746,0.0
-2.6469196530046397,0.8171439948888064,0.0
-2.583878482612961,0.665346292993355,0.0
-2.631128428015687,-0.12042459525369313,0.0
-2.658573551105647,-0.7135509905248865,0.0
-2.258375771594816,-1.659806338023281,0.0
-1.9049632155511473,-2.3303578338594035,0.0
-1.9485408160773363,-2.0989397336859246,0.0
-1.871552884566808,-2.0107862623393005,0.0
-1.7152900930607369,-2.3635285306031872,0.0
-1.731145917161455,-2.1833859055673206,0.0
-1.9748076285752547,-2.427896677224216,0.0
-1.807874491588534,-2.559903809806532,0.0
-1.6271725181302414,-2.8258933890787987,0.0
-2.68472153013444,1.330602340230947,0.0
-3.2749716598829446,1.6595851225705767,0.0
-3.12551967066616,1.2511836172563224,0.0
-2.68297103905648,1.0535959838535245,0.0
-2.9854549742367076,1.2066322641362532,0.0
-3.139090448539128,0.7443535887758801,0.0
-3.1977368785614306,0.6517913429644493,0.0
-3.2926386714573304,1.4506938531605558,0.0
-2.9502703956049743,1.2216080396242817,0.0
-2.4875629655180647,-0.2290894076360269,0.0
-2.4994570878639677,-0.45979558515391333,0.0
-2.440315851332947,-0.09468716709310798,0.0
-2.6245996031707253,-0.6808348835482562,0.0
-2.8155914739062915,-1.2578163142900085,0.0
-2.7762416716299114,-1.859784326512075,0.0
-2.5165881050704635,-2.1481867965745423,0.0
-2.454544332512809,-2.2308859507356638,0.0
-2.2214490188654716,-2.069650588776909,0.0
-1.9647069685208993,-1.9243381705397404,0.0
-1.808465088395671,-2.3103801495523584,0.0
-1.6896055833697745,-2.383115622894699,0.0
-1.8994825149464074,-1.9660353546355152,0.0
-1.7751252829252704,-2.034216337279127,0.0
-1.521950570164167,-2.1682365233118843,0.0
-1.366729777243304,-2.303660315055457,0.0
-0.4121858060163086,1.741335641565462,0.0
-0.5249596298879464,1.4354445080576754,0.0
-0.009292282839405905,0.6886052940861834,0.0
0.7792900732633372,0.31156733850740526,0.0
1.3047539309284084,0.3445764105500691,0.0
1.4700372377980326,0.28409656332736427,0.0
1.4032528521714616,-0.62619238446098,0.0
1.4244669597412492,-1.235360632118259,0.0
1.415373846140514,-1.7283390317071825,0.0
1.561852028021747,-1.6535721681049078,0.0
-1.9295763767819227,1.9491765192151667,0.0
-1.596714298901653,1.3920311794836309,0.0
-1.3373065164973275,1.3920129464054976,0.0
-1.2432518667626298,0.5542724199666482,0.0
-1.573859497588552,0.4609240149424508,0.0
-1.2845341250875928,-0.3813861566806383,0.0
-0.6142847589375496,-1.3116517718292546,0.0
-0.15149322887164757,-1.6589497500744799,0.0
-0.048065033634395335,-1.6425498260638116,0.0
0.15286492328589862,-2.059869333537346,0.0
0.2779673947318518,-2.4065494459686625,0.0
0.5380804182510651,-2.436935544992128,0.0
-1.9169187962697705,2.3848511832103774,0.0
-1.7105932413616733,1.8886847339645643,0.0
-1.9470891847352905,1.1496630395655505,0.0
-1.5297447835840645,0.2655126755534456,0.0
-0.5389160257569569,-0.45852090242158755,0.0
-0.27290506135637943,-1.1648729902379262,0.0
-0.02660962429010417,-1.3906146198731635,0.0
0.815751083838199,-1.5223002601612263,0.0
1.004732159033767,-2.1197176308678913,0.0
0.6995811241601702,-2.135699815657818,0.0
0.5604034208701766,-1.5931877640742154,0.0
-0.4935400212971196,2.16144893448081,0.0
-0.11469875025253717,1.9460743099094173,0.0
-0.02596222851096213,1.375147158735018,0.0
0.09451914050617345,0.7261589611060363,0.0
0.07421672223365813,-0.00951508521582594,0.0
0.3326991941999304,-0.6084656846245371,0.0
0.5262377979950964,-1.0837780060234448,0.0
0.8976972544508109,-1.3540403387192248,0.0
1.1574024654521096,-1.3346026957426598,0.0
0.8186432855153343,-1.5580537771884537,0.0
0.6832402831153158,-1.6095916807417627,0.0
-0.896121293350231,1.0644088415879276,0.0
-0.2907679909112573,0.9975667399220856,0.0
-0.17514192105653437,0.4918270084907516,0.0
0.10769333663233073,0.11386231948179916,0.0
0.08091317481035168,-0.3461943166572314,0.0
0.2582948131585266,-0.7196580685681517,0.0
0.36100005718472555,-1.0107954991750625,0.0
0.3158461734444096,-1.1534184921606776,0.0
0.32286204249304673,-1.2195397348244001,0.0
0.22090028837468872,-1.349211978317589,0.0
-1.7133664022598163,3.038529365917944,0.0
-1.314691624954762,2.195547979192844,0.0
-0.7069670626781983,0.7723058477694115,0.0
-0.4360135718357342,0.3648138684638794,0.0
-0.209864592789041,-0.007946231429626187,0.0
-0.3234090050634956,-0.704985017496495,0.0
-0.6607452696629489,-1.4264456992847896,0.0
0.23089648529372603,-1.4069833734450012,0.0
0.6135911625680959,-1.4176768586121953,0.0
0.5184567594895526,-1.509302872707427,0.0
0.5683233533552366,-1.3611111951295891,0.0
-2.074525408485549,1.0059384740839228,0.0
-1.5486493745653334,0.33738472213426135,0.0
-1.0293313487691815,-0.21001457944821952,0.0
-0.8160362939989377,-0.7581686022721055,0.0
-0.5610848741431761,-1.3682731847205551,0.0
-0.1912257238132956,-1.7865983219647048,0.0
0.2263045254043627,-1.8893273667136286,0.0
0.24816161423442254,-2.0646221729568923,0.0
0.17180912709500276,-2.2908468893307776,0.0
0.2795553270399107,-2.4230920835551975,0.0
0.6679437638300992,-2.632736637512914,0.0
-1.6520159925605196,1.905704342269834,0.0
-1.1433085922121984,0.9714161661431068,0.0
-0.9415394390217975,0.31533051080830443,0.0
-0.4772564387754692,0.09318428042899582,0.0
0.4609389805168413,-0.6291478967603247,0.0
0.8716240001144983,-1.1090096775090876,0.0
0.5862632238275767,-1.4065555968712895,0.0
0.17123153888186582,-1.5448948148688757,0.0
0.4369580166549129,-1.5504248390848556,0.0
0.24580853129773428,-1.7691488531727309,0.0
0.4919450710579261,-1.9573066233815462,0.0
0.5265434514815192,-2.0851174325135617,0.0
0.27397020098219305,-2.0000270615828795,0.0
0.19889018664196476,-2.0968236554585005,0.0
-0.9304984153975815,1.8126557961180996,0.0
-1.195356955528993,1.8218032582443118,0.0
-0.6624471678050455,0.884516482016343,0.0
-0.3252138051206089,0.052298668535351346,0.0
-0.3300848601004728,0.0471701099140635,0.0
0.1281472162805896,-0.4842096379405834,0.0
0.2430092041359799,-0.6271233000749009,0.0
0.20060238066420003,-1.1553938980272267,0.0
0.3403860408869824,-1.299869200467885,0.0
0.38030614106807936,-1.4030989060251409,0.0
0.5312308077841856,-1.6965259782217954,0.0
0.37329885400671753,-1.6306418038198889,0.0
0.342696616711152,-1.5734656974900585,0.0
-1.1772232929040618,1.74666567921562,0.0
-1.1889742248326982,1.2201590467399492,0.0
-0.6345988893748541,0.32331168962069895,0.0
-0.16711683001197686,-0.20703923676786298,0.0
0.05258463517635912,-0.6888156508884258,0.0
0.48313724570583794,-1.0195255806689982,0.0
0.42310513480250495,-1.3246140885147282,0.0
0.19402454202726505,-1.159487717264129,0.0
0.1562579989919017,-1.2542596044714682,0.0
0.32537068808334607,-1.3633244225179193,0.0
0.5738352763582568,-1.4546170299858414,0.0
0.6375223079386514,-1.3450592629645575,0.0
-1.7729799684448675,2.1093200941735777,0.0
-1.7922717081811714,1.6743046063957034,0.0
-1.7856683616446325,1.2735590698939836,0.0
-1.5696827566805658,0.7958369249070405,0.0
-1.0657346726685943,0.315491667586007,0.0
-0.5280094911088349,-0.04647066749588556,0.0
-0.22718140701693795,-0.3951226765302963,0.0
0.018761195249779167,-0.6586595788695433,0.0
0.06044769858670333,-1.1438717332138053,0.0
-0.025398804634395866,-1.3448370994520789,0.0
0.0465571183839302,-1.4975842787942555,0.0
-0.14607076333468869,-1.5590733614331151,0.0
-1.3872558762454734,1.2477352512026874,0.0
-1.3676620523632035,0.6512236152961951,0.0
-1.2532558168788102,0.6217806833713394,0.0
-1.320493753211868,0.2792420267729832,0.0
-1.2323547475251813,-0.27737794344100075,0.0
-0.9540170696861733,-0.4657034931737291,0.0
-0.4422956795974178,-0.5000394376086453,0.0
0.2524870156522145,-0.7542180925826036,0.0
0.6335914674521409,-1.153254261307105,0.0
0.969136027494012,-1.5782577152309545,0.0
0.9216473425180551,-1.7875401187422997,0.0
0.5753649136700741,-1.665128041356683,0.0
1.0771561692921627,-1.7631738064650615,0.0
-1.8295366140800355,1.6681521455477677,0.0
-1.9729460571283868,1.5550849738355847,0.0
-1.92663332384995,1.2494848739324251,0.0
-1.7492951420548275,0.7442686663941411,0.0
-1.8063244373116287,0.2625578052521083,0.0
-1.4636135263305805,0.11067902935211739,0.0
-1.077949158902112,-0.33545212449615414,0.0
-0.8770998811989635,-0.7866260027883577,0.0
-0.529781766160842,-1.1193564757156833,0.0
-0.12864878459424767,-1.4029777692985648,0.0
0.1101539401504927,-1.4716828711555356,0.0
0.5653093648463523,-1.5340316829016898,0.0
0.7860127657785357,-1.5168285786429436,0.0
0.8223998450412937,-1.390315191977182,0.0
0.7244730711555799,-1.2682465905017826,0.0
0.6722762228661128,-1.1585303491835337,0.0
0.4149895785937931,-0.9836094150520219,0.0
-0.2492412081561948,2.178994203399485,0.0
-0.3077344402462734,1.7461133315709736,0.0
-0.24492159732921107,1.1602152648655462,0.0
0.009102097429670235,0.658985322090385,0.0
-0.1568548025495855,-0.22569062635343795,0.0
0.15866197813459376,-0.4417435901380479,0.0
0.5279210745431382,-0.9850614415395373,0.0
0.897964260925521,-1.4554563542665737,0.0
1.227724156589316,-1.6841626385307324,0.0
1.163189299606896,-1.616613928950041,0.0
1.2491807065104557,-1.5774403492905373,0.0
1.3100320442381026,-1.5759657773311835,0.0
1.0813485423127067,-1.5474063012964698,0.0
-1.0197823425620345,1.503284342550859,0.0
-1.495364226445934,1.1466945945933582,0.0
-1.4252718232608899,0.5861466234034921,0.0
-1.500902846253429,-0.2128791145194291,0.0
-1.4716809711983516,-0.6754923420845929,0.0
-1.3233039755275526,-1.3651878555093628,0.0
-0.8245289023676202,-1.7224900999340136,0.0
-0.5152903928512599,-1.7906073228873325,0.0
-0.47930373002918525,-1.4802060623731899,0.0
-0.6293099684823579,-1.4161933809821843,0.0
-0.5410045114041059,-1.590156969352142,0.0
-1.8193454262951063,2.008099429399295,0.0
-1.787561758386821,1.4682167797538055,0.0
-1.3294190103317138,0.8822254407360963,0.0
-1.2556756898274506,0.4439802289195207,0.0
-1.270385780796846,-0.3199561811983232,0.0
-0.9570419559906403,-0.313133440817069,0.0
-0.7177750853648042,-0.6386322263910614,0.0
-0.3879148476580324,-0.949710566651781,0.0
-0.09001036686865765,-1.20416112463138,0.0
0.07978991778204239,-1.3363484887037413,0.0
0.25019710772672443,-1.2665660925938211,0.0
0.34453706994152095,-1.6630018613196702,0.0
-1.3528065141283978,2.3576348558826603,0.0
-1.4151390333783567,1.8264428369030756,0.0
-1.2487522324882976,1.3361720698456532,0.0
-0.968990395725323,0.8465180402096586,0.0
-0.6888538622985225,0.6514117152595859,0.0
-0.4871882814580356,0.10948712657672365,0.0
-0.1629031688516927,-0.5876277370038152,0.0
0.25861393949279093,-1.0380187236195921,0.0
0.3931898775962114,-1.4375257333286167,0.0
0.7180583112892738,-1.471852277440697,0.0
1.0011422930569287,-1.4954590337800862,0.0
-0.7094842327018871,2.0928816763636173,0.0
-0.4876465504122674,1.7485102620288309,0.0
-0.5555907972985316,1.3953809827686783,0.0
-0.6417224816877679,1.0216398988112312,0.0
-0.5221941586720085,0.3102335214496186,0.0
-0.37040818393873476,-0.37754858511128814,0.0
-0.23025149544468176,-0.8478814610027587,0.0
0.06023196768826604,-1.240057729276129,0.0
0.4844790123853031,-1.5662229017516174,0.0
0.862574645881071,-1.8933684262485544,0.0
0.9315163640821836,-1.9735251416392292,0.0
0.9387365085662395,-1.9182426667935721,0.0
-1.4533439463320357,2.5034071950068006,0.0
-1.2953119849407309,2.3039580341183665,0.0
-1.3300017260829264,1.8664917206658378,0.0
-1.2308513532190826,1.1016701447894057,0.0
-0.7428045982878275,0.3004664775603503,0.0
0.05569534297257381,-0.22870358963822224,0.0
0.445244129113065,-0.49393596843140397,0.0
0.49332259479007173,-0.82634108401008,0.0
0.5662914172183556,-1.0761734832114336,0.0
0.8285869335413013,-1.3258239009626027,0.0
1.0176035963465078,-1.4139980074185368,0.0
-1.278689823299677,2.4304963256281558,0.0
-1.4055823777338545,1.989977213479821,0.0
-0.9366498000148356,1.4273629024257017,0.0
-0.508775736224825,0.7581735239116876,0.0
-0.2450293846044317,0.5691778669353945,0.0
-0.11093414443004268,-0.019358940382108978,0.0
0.174372106890622,-0.6368317907842637,0.0
0.45459815771459894,-1.1880420513116028,0.0
0.13687917846422623,-1.3645479147982238,0.0
0.0046264285246331105,-1.2946925435670595,0.0
0.036379819504911176,-1.2223377845702363,0.0
-0.06591325333759411,-1.17187777512033,0.0
-0.7804697070569679,2.258599573344613,0.0
-0.769801672526791,2.598315412568797,0.0
-1.5578691500845014,3.0395142444844825,0.0
-1.7346553085666299,2.8803211745814004,0.0
-1.6521892855737674,2.0449506081953164,0.0
-2.0058156646574545,1.0870143869428874,0.0
-1.9123768930441662,0.45730597900842895,0.0
-0.7616041729731958,-0.040040062439318264,0.0
-0.4093113760290205,-0.40466916225853466,0.0
-0.0701418313083678,-0.7712398652388387,0.0
0.13247466317093554,-0.7210048581051511,0.0
-0.011883816110014914,-0.8448894250831501,0.0
0.13652665605899295,-1.1168979609223941,0.0
0.3955584727293027,-1.3422943870499495,0.0
-0.9528929469156115,3.10969628462995,0.0
-1.1722564210576152,3.067089572790612,0.0
-0.9049911827586057,2.9477326567107887,0.0
-0.933040580599229,2.1044363956910725,0.0
-1.1362651490396183,1.3848986267900822,0.0
-0.8408202342596417,0.757311132667583,0.0
-0.7598087055330703,0.3634023389242932,0.0
-0.5817259824220942,-0.4971177530183243,0.0
-0.2467213188743212,-1.3746166308044088,0.0
0.16882609663793527,-1.8803471015064293,0.0
0.7888874833842447,-2.1763277843148394,0.0
0.9999105460972095,-2.480932271977057,0.0
1.1142820564761997,-2.5625388590238924,0.0
0.7208491303621816,-3.004456054068483,0.0
0.25783191829923957,-3.2310605771902154,0.0
-1.1270038573432957,2.336339678157625,0.0
-0.9869009402530509,2.523417573088006,0.0
-1.313752790805634,2.46519912409083,0.0
-1.1437401507153058,2.4508067528828716,0.0
-1.2666716565820197,1.5604908060293086,0.0
-1.0655281207987757,0.9042939556380969,0.0
-0.7588219124394204,0.2855558090284626,0.0
-0.1923213483960109,-0.28849643509729517,0.0
0.4192793117968901,-0.7136449761735922,0.0
0.9076572318842562,-0.8335496065874362,0.0
1.0470180746042987,-0.9538237965728479,0.0
1.1758829531274548,-1.168515206948459,0.0
1.3432018616748091,-1.2664977928891465,0.0
1.3235553743622386,-1.3519303342277036,0.0
-1.4791637129501833,3.05923558536668,0.0
-1.2654810101819958,2.988831735444289,0.0
-1.2168708600190532,2.3487573891611357,0.0
-1.3294375944266017,1.8938734704208273,0.0
-1.5450179408260998,1.6219414877156084,0.0
-1.4797026271342022,1.528930984827418,0.0
-0.961655348874123,0.9189293072319021,0.0
-1.0950968308373032,0.5010170173552753,0.0
-0.8292684931095038,-0.36121902446615384,0.0
-0.5357756374419229,-1.2518838897357825,0.0
-0.23549601591126437,-1.4822462973832564,0.0
0.20273399826993188,-1.3881147085793948,0.0
-0.1552256506938476,-1.021461323067648,0.0
0.2402245834189039,-0.8188368033868886,0.0
0.43092810418343697,-0.612050284809378,0.0
-0.38116325189341216,3.288211075826871,0.0
-0.7230826120236793,3.00135596497057,0.0
-0.9302176526596843,2.7853359589948763,0.0
-1.1895854090729743,2.6092196098061913,0.0
-1.380368233417095,2.294669347545928,0.0
-1.590686361580003,1.9308236669108318,0.0
-1.6161405134310003,1.3606126428114935,0.0
-1.384054021019943,0.5349635965622394,0.0
-1.0062126754350635,-0.3542109299151372,0.0
-0.6022378932161873,-1.282914708334317,0.0
-0.22255695660716132,-1.7706886343722983,0.0
0.3573030853967187,-1.827421942465056,0.0
0.7931270900747417,-1.8738481345587552,0.0
-1.3311239668036068,1.8188349971877873,0.0
-0.9474790668245086,1.2957524673978933,0.0
-0.7285643205837237,0.6524791679871303,0.0
-0.47912324261096306,-0.04868621823873193,0.0
0.06658203808790468,-0.5216461648076797,0.0
0.4511503389335635,-0.8052121395814862,0.0
0.5606035400726385,-1.0384861004488741,0.0
0.7557048101948759,-1.421168911410948,0.0
0.8048111103995197,-1.7600271328729422,0.0
0.8418480373830572,-1.7932441096369942,0.0
-2.2471565313303508,2.04078115952433,0.0
-2.0862610553206857,1.8110204992212404,0.0
-1.683717183644955,1.5010690654221919,0.0
-1.479396496578161,1.2385242183474852,0.0
-1.3163136113976146,0.9934460061750929,0.0
-1.219560865309081,0.3604959650628017,0.0
-0.766145271836185,-0.424165506886425,0.0
-0.48086701579594837,-0.9986457593351512,0.0
-0.06688287479056543,-1.3418697644228572,0.0
0.15501411140933194,-1.4892564500843117,0.0
0.3273785526987403,-1.5987311415487615,0.0
0.4941640098532957,-1.5616788656271583,0.0
0.5086180173635647,-1.5583812799602963,0.0
-2.2769687374537955,2.918192613896681,0.0
-2.37713269625293,2.5515486029584387,0.0
-2.419015236753651,1.9010715564270848,0.0
-2.3553420400521095,1.635288451077074,0.0
-2.0031999578001196,0.7944774998298471,0.0
-1.73981030945497,-0.027527830933259133,0.0
-1.5986794494214034,-0.7000528845595833,0.0
-1.122341763177556,-0.8978247564137494,0.0
-0.7169012810628185,-1.058736607775074,0.0
-0.29096671103288557,-1.2241653619525266,0.0
-0.03829438472542453,-1.3241979741318046,0.0
0.3569695008919798,-1.1585940484268422,0.0
0.4557365005969387,-0.9850245587562164,0.0
0.17338878438308275,-1.0562180978151996,0.0
0.4241783739103074,-0.9347714877838996,0.0
-1.9007659795525835,1.7477835888429603,0.0
-1.474387168769999,1.8347664110909971,0.0
-1.3381424600606724,1.932028168614198,0.0
-1.0532592915165295,2.343114868009693,0.0
-1.0065888372700555,1.7245567279479255,0.0
-1.1653596238216646,0.7829800490666784,0.0
-0.513586386779073,0.060768079604505164,0.0
-0.23477178694954495,-0.38926705280067553,0.0
0.4691232067406508,-0.8077566948079709,0.0
1.433931552409634,-0.9724806542855693,0.0
1.623923752440798,-0.9499182896391885,0.0
1.6234516879931855,-1.078277651487875,0.0
1.625595033218231,-1.2546757686378796,0.0
-0.5498061558106188,4.198909050654903,0.0
-0.5434448852500533,3.8325328654775914,0.0
-0.3868657822080374,3.3270361185186017,0.0
-0.7121877941431947,2.9661102083962096,0.0
-0.9028606008091854,3.1275148317431056,0.0
-0.9333371743440311,2.947479291284812,0.0
-1.0988537022302736,2.456446961463877,0.0
-1.0590754251665782,1.7343428614798104,0.0
-0.848893953096544,0.6827270224973477,0.0
-0.7983042188175894,-0.22446139000918475,0.0
-0.7928948376629738,-0.767782031618465,0.0
-0.48218891190836183,-1.3345268603752534,0.0
0.08285535639717945,-1.5884972023064017,0.0
0.3768278387929435,-1.5053061486363393,0.0
0.7329583182549654,-1.2790184516141045,0.0
0.7990308797376686,-0.9928052060973516,0.0
-0.8763984171990887,1.859918176635564,1.0
1.1318955218849598,-2.046257630876119,1.0
2.2581422515527465,-1.4552928724381446,1.0
-0.9177728372335389,0.7851942030366628,1.0
1.3090509972155857,-2.0106681881161177,1.0
1.3158644508993513,-0.5301027975937175,1.0
-0.022104760091495836,-0.49284880462085134,1.0
1.788176264248678,-1.44083683257616,1.0
-0.4808478334185011,1.8036020055796782,1.0
-0.1121547628218949,1.531442342545125,1.0
1.322594368348388,-1.8703809831208729,1.0
-0.3516934383842282,2.188583629595746,1.0
0.6793188352990672,0.6125165304562687,1.0
1.3948407048265743,-2.012644488928496,1.0
0.47731364320289993,-1.8567887650259889,1.0
-0.5975726765553577,2.5209286188688504,1.0
-0.3125408473055592,0.38735348919143,1.0
-0.3965249109500561,1.4864184273737968,1.0
0.1965506077257086,2.290790839241456,1.0
0.05428367015515963,-0.08537294971565963,1.0
-0.7157945974470935,1.857835855087555,1.0
0.14446620101333074,2.6650184689095173,1.0
-0.884384381227891,1.7952450954970798,1.0
-0.20338429383163326,3.1270668169962104,1.0
1.638858739803254,-1.0025818209714576,1.0
0.27712873802720245,-0.37213606871576543,1.0
0.580095460994013,-0.12059183139613615,1.0
-1.9080076130295074,2.3651508835546533,1.0
-0.022104760091495836,-0.49284880462085134,1.0
-0.8229287834455843,2.529885875130167,1.0
1.7219794280825236,-1.8228876885439382,1.0
-0.23908717926221426,-1.6254309333962116,1.0
-0.7020635139516789,0.403123344021426,1.0
1.7452482794210555,-2.06673459430283,1.0
-0.17198336133642042,1.1759109299329926,1.0
-0.5351874932193951,1.9648161264064263,1.0
1.0260599383221531,-1.0502317856631653,1.0
-1.0761144593906027,1.7089580464149245,1.0
-0.37718304582216317,1.9490797567930491,1.0
1.2250402243596938,0.8010842958614867,1.0
-0.593907518518923,-1.322682280902781,1.0
1.0547058050848765,-0.21986994101637952,1.0
0.47731364320289993,-1.8567887650259889,1.0
0.3669492499473559,2.2209590449262544,1.0
0.580095460994013,-0.12059183139613615,1.0
-1.0782047396156798,2.0360149609911047,1.0
-0.7156895672381898,0.8959882721960062,1.0
-0.4196662567713659,1.9464329011888652,1.0
-1.0856219972074854,1.670544459601141,1.0
-0.8229287834455843,2.529885875130167,1.0
